nome_campeonato,temporada,pais,rodada,time_dentro,time_fora,resultado_final,resultado_final_v_d_e,gols_mandante,gols_visitante,horario,turno,dia_semana,posicao_time_dentro,posicao_time_fora,ultimo_jogo_casa,segundo_ultimo_jogo_casa,terceiro_ultimo_jogo_casa,quarto_ultimo_jogo_casa,quinto_ultimo_jogo_casa,ultimo_jogo_visitante,segundo_ultimo_jogo_visitante,terceiro_ultimo_jogo_visitante,quarto_ultimo_jogo_visitante,quinto_ultimo_jogo_visitante,media_gols_marcados_por_jogo_time_casa_em_casa,media_gols_marcados_por_jogo_time_casa_fora,media_gols_marcados_por_jogo_time_casa_global,media_gols_sofridos_por_jogo_time_casa_em_casa,media_gols_sofridos_por_jogo_time_casa_fora,media_gols_sofridos_por_jogo_time_casa_global,media_gols_marcados_sofridos_por_jogo_time_casa_em_casa,media_gols_marcados_sofridos_por_jogo_time_casa_fora,media_gols_marcados_sofridos_por_jogo_time_casa_global,jogos_sem_sofrer_gols_time_casa_em_casa,jogos_sem_sofrer_gols_time_casa_fora,jogos_sem_sofrer_gols_time_casa_global,jogos_sem_marcar_gols_time_casa_em_casa,jogos_sem_marcar_gols_time_casa_fora,jogos_sem_marcar_gols_time_casa_global,jogos_com_mais_de_dois_gols_e_meio_time_casa_em_casa,jogos_com_mais_de_dois_gols_e_meio_time_casa_fora,jogos_com_mais_de_dois_gols_e_meio_time_casa_global,jogos_com_menos_de_dois_gols_e_meio_time_casa_em_casa,jogos_com_menos_de_dois_gols_e_meio_time_casa_fora,jogos_com_menos_de_dois_gols_e_meio_time_casa_global,media_gols_marcados_por_jogo_time_visitante_em_casa,media_gols_marcados_por_jogo_time_visitante_fora,media_gols_marcados_por_jogo_time_visitante_global,media_gols_sofridos_por_jogo_time_visitante_em_casa,media_gols_sofridos_por_jogo_time_visitante_fora,media_gols_sofridos_por_jogo_time_visitante_global,media_gols_marcados_sofridos_por_jogo_time_visitante_em_casa,media_gols_marcados_sofridos_por_jogo_time_visitante_fora,media_gols_marcados_sofridos_por_jogo_time_visitante_global,jogos_sem_sofrer_gols_time_visitante_em_casa,jogos_sem_sofrer_gols_time_visitante_fora,jogos_sem_sofrer_gols_time_visitante_global,jogos_sem_marcar_gols_time_visitante_em_casa,jogos_sem_marcar_gols_time_visitante_fora,jogos_sem_marcar_gols_time_visitante_global,jogos_com_mais_de_dois_gols_e_meio_time_visitante_em_casa,jogos_com_mais_de_dois_gols_e_meio_time_visitante_fora,jogos_com_mais_de_dois_gols_e_meio_time_visitante_global,jogos_com_menos_de_dois_gols_e_meio_time_visitante_em_casa,jogos_com_menos_de_dois_gols_e_meio_time_visitante_fora,jogos_com_menos_de_dois_gols_e_meio_time_visitante_global,gols_marcados_time_casa_primeiro_sexto,gols_sofridos_time_casa_primeiro_sexto,gols_marcados_time_casa_segundo_sexto,gols_sofridos_time_casa_segundo_sexto,gols_marcados_time_casa_terceiro_sexto,gols_sofridos_time_casa_terceiro_sexto,gols_marcados_time_casa_quarto_sexto,gols_sofridos_time_casa_quarto_sexto,gols_marcados_time_casa_quinto_sexto,gols_sofridos_time_casa_quinto_sexto,gols_marcados_time_casa_ultimo_sexto,gols_sofridos_time_casa_ultimo_sexto,gols_marcados_time_visitante_primeiro_sexto,gols_sofridos_time_visitante_primeiro_sexto,gols_marcados_time_visitante_segundo_sexto,gols_sofridos_time_visitante_segundo_sexto,gols_marcados_time_visitante_terceiro_sexto,gols_sofridos_time_visitante_terceiro_sexto,gols_marcados_time_visitante_quarto_sexto,gols_sofridos_time_visitante_quarto_sexto,gols_marcados_time_visitante_quinto_sexto,gols_sofridos_time_visitante_quinto_sexto,gols_marcados_time_visitante_ultimo_sexto,gols_sofridos_time_visitante_ultimo_sexto,minuto_primeira_expulsao_time_a,minuto_segunda_expulsao_time_a,minuto_terceira_expulsao_time_a,minuto_quarta_expulsao_time_a,minuto_primeira_expulsao_time_b,minuto_segunda_expulsao_time_b,minuto_terceira_expulsao_time_b,minuto_quarta_expulsao_time_b,placar_momento_expulsao_um,placar_momento_expulsao_dois,placar_momento_expulsao_tres,placar_momento_expulsao_quatro,placar_momento_expulsao_cinco,placar_momento_expulsao_seis,placar_momento_expulsao_sete,placar_momento_expulsao_oito,expulsao_um_cartao,expulsao_dois_cartao,expulsao_tres_cartao,expulsao_quatro_cartao,expulsao_cinco_cartao,expulsao_seis_cartao,expulsao_sete_cartao,expulsao_oito_cartao,quantidade_de_gols_apos_expulsao_um_time_a,quantidade_de_gols_apos_expulsao_um_time_b,quantidade_de_gols_apos_expulsao_dois_time_a,quantidade_de_gols_apos_expulsao_dois_time_b,quantidade_de_gols_apos_expulsao_tres_time_a,quantidade_de_gols_apos_expulsao_tres_time_b,quantidade_de_gols_apos_expulsao_quatro_time_a,quantidade_de_gols_apos_expulsao_quatro_time_b,quantidade_de_gols_apos_expulsao_cinco_time_a,quantidade_de_gols_apos_expulsao_cinco_time_b,quantidade_de_gols_apos_expulsao_seis_time_a,quantidade_de_gols_apos_expulsao_seis_time_b,quantidade_de_gols_apos_expulsao_sete_time_a,quantidade_de_gols_apos_expulsao_sete_time_b,quantidade_de_gols_apos_expulsao_oito_time_a,quantidade_de_gols_apos_expulsao_oito_time_b,quantidade_de_gols_no_momento_expulsao_um_time_a,quantidade_de_gols_no_momento_expulsao_um_time_b,quantidade_de_gols_no_momento_expulsao_dois_time_a,quantidade_de_gols_no_momento_expulsao_dois_time_b,quantidade_de_gols_no_momento_expulsao_tres_time_a,quantidade_de_gols_no_momento_expulsao_tres_time_b,quantidade_de_gols_no_momento_expulsao_quatro_time_a,quantidade_de_gols_no_momento_expulsao_quatro_time_b,quantidade_de_gols_no_momento_expulsao_cinco_time_a,quantidade_de_gols_no_momento_expulsao_cinco_time_b,quantidade_de_gols_no_momento_expulsao_seis_time_a,quantidade_de_gols_no_momento_expulsao_seis_time_b,quantidade_de_gols_no_momento_expulsao_sete_time_a,quantidade_de_gols_no_momento_expulsao_sete_time_b,quantidade_de_gols_no_momento_expulsao_oito_time_a,quantidade_de_gols_no_momento_expulsao_oito_time_b,intervalo_expulsao_um_v_d_e,intervalo_expulsao_dois_v_d_e,intervalo_expulsao_tres_v_d_e,intervalo_expulsao_quatro_v_d_e,intervalo_expulsao_cinco_v_d_e,intervalo_expulsao_seis_v_d_e,intervalo_expulsao_sete_v_d_e,intervalo_expulsao_oito_v_d_e,momento_expulsao_um_v_d_e,momento_expulsao_dois_v_d_e,momento_expulsao_tres_v_d_e,momento_expulsao_quatro_v_d_e,momento_expulsao_cinco_v_d_e,momento_expulsao_seis_v_d_e,momento_expulsao_sete_v_d_e,momento_expulsao_oito_v_d_e,expulsao_um_m_v,expulsao_dois_m_v,expulsao_tres_m_v,expulsao_quatro_m_v,expulsao_cinco_m_v,expulsao_seis_m_v,expulsao_sete_m_v,expulsao_oito_m_v,qtd_expulsoes_time_a,qtd_expulsoes_time_b,posse_time_a,posse_time_b,chutes_a_gol_time_a,chutes_a_gol_time_b,chutes_fora_time_a,chutes_fora_time_b,ataques_time_a,ataques_time_b,ataques_perigosos_time_a,ataques_perigosos_time_b,impedimentos_time_a,impedimentos_time_b,faltas_time_a,faltas_time_b,escanteios_time_a,escanteios_time_b
Primera Division,2005/2006,Espanha,12,Sevilla,Betis,1 - 0,V,1,0,2005-11-19 19:00:00,Noite,Sábado,5,14,E,V,E,V,V,E,V,D,D,D,0.8,1.0,0.91,0.2,0.83,0.55,1.0,1.83,1.46,0.8,0.33,0.55,0.4,0.17,0.27,0.0,0.17,0.09,1.0,0.83,0.91,0.83,0.6,0.73,1.5,1.8,1.64,2.33,2.4,2.37,0.5,0.0,0.27,0.33,0.4,0.36,0.33,0.2,0.27,0.67,0.8,0.73,0,1,2,0,0,0,0,0,1,0,1,0,0,1,3,1,0,1,0,3,0,3,0,0,85,25,,,,,,,0-0,1-0,,,,,,,Vermelho direto,Segundo amarelo,,,,,,,1,0,0,0,,,,,,,,,,,,,0,0,1,0,,,,,,,,,,,,,V,E,,,,,,,E,V,,,,,,,Mandante,Mandante,,,,,,,2,0,,,,,,,,,,,,,,,,
Primera Division,2005/2006,Espanha,12,Cádiz,Valência,0 - 1,D,0,1,2005-11-20 14:00:00,Tarde,Domingo,19,3,V,D,E,D,V,D,E,D,V,V,1.0,0.5,0.73,1.2,0.83,1.0,2.2,1.33,1.73,0.2,0.67,0.45,0.0,0.67,0.36,0.4,0.17,0.27,0.6,0.83,0.73,1.33,1.4,1.36,1.17,1.6,1.36,2.5,3.0,2.72,0.17,0.0,0.09,0.17,0.2,0.18,0.5,0.8,0.64,0.5,0.2,0.36,3,1,0,2,1,1,0,0,1,0,0,2,1,1,2,2,1,3,2,0,0,0,1,2,80,,,,66,,,,0-0,0-0,,,,,,,Segundo amarelo,Vermelho direto,,,,,,,0,0,0,1,,,,,,,,,,,,,0,0,0,0,,,,,,,,,,,,,E,D,,,,,,,E,E,,,,,,,Visitante,Mandante,,,,,,,1,1,,,,,,,,,,,,,,,,
Primera Division,2005/2006,Espanha,12,Espanyol,Mallorca,2 - 0,V,2,0,2005-11-20 14:00:00,Tarde,Domingo,15,13,E,D,E,D,V,V,E,V,D,D,0.6,0.67,0.64,1.4,1.17,1.27,2.0,1.84,1.91,0.2,0.0,0.09,0.4,0.5,0.45,0.2,0.17,0.18,0.8,0.83,0.82,1.33,0.6,1.0,1.33,2.2,1.73,2.66,2.8,2.73,0.33,0.0,0.18,0.33,0.6,0.45,0.33,0.6,0.45,0.67,0.4,0.55,0,0,0,1,0,1,1,2,1,2,1,1,0,3,1,1,0,5,0,0,0,1,2,1,,,,,83,,,,2-0,,,,,,,,Segundo amarelo,,,,,,,,0,0,,,,,,,,,,,,,,,2,0,,,,,,,,,,,,,,,E,,,,,,,,V,,,,,,,,Visitante,,,,,,,,0,1,,,,,,,,,,,,,,,,
Primera Division,2005/2006,Espanha,11,Betis,Villarreal,2 - 3,D,2,3,2005-10-26 17:00:00,Tarde,Quarta-feira,14,7,D,D,V,E,V,V,E,E,V,E,0.75,0.5,0.63,1.0,2.0,1.5,1.75,2.5,2.13,0.75,0.0,0.38,0.25,0.5,0.38,0.25,0.25,0.25,0.75,0.75,0.75,2.0,1.25,1.63,1.0,1.25,1.13,3.0,2.5,2.76,0.25,0.0,0.13,0.0,0.0,0.0,0.75,0.5,0.63,0.25,0.5,0.38,0,0,1,1,1,0,0,0,1,1,0,2,1,1,0,1,2,1,1,1,1,1,0,0,65,72,,,,,,,1-3,1-3,,,,,,,Segundo amarelo,Vermelho direto,,,,,,,0,0,1,0,,,,,,,,,,,,,1,3,1,3,,,,,,,,,,,,,E,V,,,,,,,D,D,,,,,,,Mandante,Mandante,,,,,,,2,0,,,,,,,,,,,,,,,,
Primera Division,2005/2006,Espanha,11,Mallorca,Celta de Vigo,1 - 0,V,1,0,2005-10-26 17:00:00,Tarde,Quarta-feira,13,6,D,D,E,D,D,V,V,D,E,V,1.5,0.25,0.88,1.75,2.5,2.13,3.25,2.75,3.01,0.25,0.0,0.13,0.5,0.75,0.63,0.5,0.5,0.5,0.5,0.5,0.5,1.25,1.5,1.38,0.5,1.5,1.0,1.75,3.0,2.38,0.5,0.0,0.25,0.25,0.25,0.25,0.25,0.5,0.38,0.75,0.5,0.63,1,0,0,4,0,1,2,2,0,0,3,0,1,1,2,0,1,2,1,1,0,0,1,2,,,,,52,,,,1-0,,,,,,,,Segundo amarelo,,,,,,,,0,0,,,,,,,,,,,,,,,1,0,,,,,,,,,,,,,,,E,,,,,,,,V,,,,,,,,Visitante,,,,,,,,0,1,,,,,,,,,,,,,,,,
Primera Division,2005/2006,Espanha,11,Alavés,Espanyol,1 - 1,E,1,1,2005-10-27 17:00:00,Tarde,Quinta-Feira,18,15,D,D,E,V,D,D,V,D,E,V,1.0,0.75,0.88,2.0,1.25,1.63,3.0,2.0,2.51,0.25,0.25,0.25,0.5,0.5,0.5,0.5,0.5,0.5,0.5,0.5,0.5,0.5,0.75,0.63,1.5,1.0,1.25,2.0,1.75,1.88,0.25,0.0,0.13,0.5,0.5,0.5,0.25,0.25,0.25,0.75,0.75,0.75,3,2,0,1,0,1,0,2,1,0,0,2,1,0,0,0,1,0,0,0,1,1,0,3,62,,,,,,,,1-1,,,,,,,,Vermelho direto,,,,,,,,0,0,,,,,,,,,,,,,,,1,1,,,,,,,,,,,,,,,E,,,,,,,,E,,,,,,,,Mandante,,,,,,,,1,0,,,,,,,,,,,,,,,,
Primera Division,2005/2006,Espanha,10,Cádiz,Mallorca,1 - 2,D,1,2,2005-11-06 14:00:00,Tarde,Domingo,19,13,E,D,V,E,V,E,V,D,D,E,1.0,0.5,0.7,1.0,0.83,0.9,2.0,1.33,1.6,0.25,0.67,0.5,0.0,0.67,0.4,0.25,0.17,0.2,0.75,0.83,0.8,1.33,0.25,0.9,1.33,2.5,1.8,2.66,2.75,2.7,0.33,0.0,0.2,0.33,0.75,0.5,0.33,0.5,0.4,0.67,0.5,0.6,2,1,0,1,1,1,0,0,1,0,0,1,0,2,0,1,0,5,0,0,0,1,1,1,,,,,38,,,,1-1,,,,,,,,Segundo amarelo,,,,,,,,0,1,,,,,,,,,,,,,,,1,1,,,,,,,,,,,,,,,D,,,,,,,,E,,,,,,,,Visitante,,,,,,,,0,1,,,,,,,,,,,,,,,,
Primera Division,2005/2006,Espanha,9,Valência,Santander,1 - 1,E,1,1,2005-10-30 14:00:00,Tarde,Domingo,3,17,D,V,V,D,V,E,D,D,E,D,1.4,1.75,1.56,1.2,1.75,1.44,2.6,3.5,3.0,0.2,0.0,0.11,0.2,0.0,0.0,0.6,1.0,0.78,0.4,0.0,0.22,0.5,0.4,0.44,1.0,0.4,0.67,1.5,0.8,1.11,0.25,0.6,0.44,0.5,0.6,0.56,0.25,0.0,0.0,0.75,1.0,0.89,1,0,0,2,1,0,3,1,1,2,1,1,0,0,0,1,0,1,1,0,1,0,0,0,,,,,63,,,,1-1,,,,,,,,Vermelho direto,,,,,,,,0,0,,,,,,,,,,,,,,,1,1,,,,,,,,,,,,,,,E,,,,,,,,E,,,,,,,,Visitante,,,,,,,,0,1,,,,,,,,,,,,,,,,
Primera Division,2005/2006,Espanha,9,Mallorca,Sevilla,1 - 1,E,1,1,2005-10-30 14:00:00,Tarde,Domingo,13,5,V,D,D,E,D,V,V,V,E,V,1.4,0.25,0.89,1.4,2.5,1.89,2.8,2.75,2.78,0.4,0.0,0.22,0.4,0.75,0.56,0.4,0.5,0.44,0.6,0.5,0.56,1.0,1.0,1.0,0.25,0.8,0.56,1.25,1.8,1.56,0.75,0.4,0.56,0.25,0.2,0.22,0.0,0.2,0.11,1.0,0.8,0.89,1,0,0,4,0,1,3,2,0,0,3,0,0,2,1,0,2,0,2,0,0,2,0,0,36,,,,,,,,1-0,,,,,,,,Segundo amarelo,,,,,,,,0,1,,,,,,,,,,,,,,,1,0,,,,,,,,,,,,,,,D,,,,,,,,V,,,,,,,,Mandante,,,,,,,,1,0,,,,,,,,,,,,,,,,
Primera Division,2005/2006,Espanha,9,Osasuna,Espanyol,2 - 0,V,2,0,2005-10-30 14:00:00,Tarde,Domingo,4,15,V,D,V,V,E,E,D,V,D,E,2.0,0.5,1.33,0.6,1.75,1.11,2.6,2.25,2.44,0.6,0.25,0.44,0.0,0.5,0.22,0.4,0.5,0.44,0.6,0.5,0.56,0.5,0.8,0.67,1.5,1.0,1.22,2.0,1.8,1.89,0.25,0.0,0.11,0.5,0.4,0.44,0.25,0.2,0.22,0.75,0.8,0.78,0,0,2,1,1,0,1,1,3,0,3,1,2,1,0,0,1,0,0,0,1,1,0,3,,,,,85,,,,2-0,,,,,,,,Segundo amarelo,,,,,,,,0,0,,,,,,,,,,,,,,,2,0,,,,,,,,,,,,,,,E,,,,,,,,V,,,,,,,,Visitante,,,,,,,,0,1,,,,,,,,,,,,,,,,
Primera Division,2005/2006,Espanha,9,Barcelona,Real Sociedad,5 - 0,V,5,0,2005-10-30 16:00:00,Tarde,Domingo,1,16,V,V,E,E,E,V,V,E,V,E,2.2,2.0,2.11,0.8,1.5,1.11,3.0,3.5,3.22,0.6,0.25,0.44,0.0,0.25,0.11,0.6,0.75,0.67,0.4,0.25,0.33,2.2,1.0,1.67,0.8,2.5,1.56,3.0,3.5,3.23,0.4,0.25,0.33,0.0,0.25,0.11,0.6,0.75,0.67,0.4,0.25,0.33,0,0,1,0,2,0,2,4,0,0,6,0,1,1,1,0,1,1,0,5,1,0,0,3,,,,,65,,,,3-0,,,,,,,,Segundo amarelo,,,,,,,,2,0,,,,,,,,,,,,,,,3,0,,,,,,,,,,,,,,,V,,,,,,,,V,,,,,,,,Visitante,,,,,,,,0,1,,,,,,,,,,,,,,,,
Primera Division,2005/2006,Espanha,9,Atlético,Villarreal,1 - 1,E,1,1,2005-10-30 18:00:00,Noite,Domingo,10,7,V,V,V,D,V,V,V,E,E,V,1.0,1.25,1.11,1.0,1.0,1.0,2.0,2.25,2.11,0.4,0.5,0.44,0.6,0.25,0.44,0.6,0.25,0.44,0.4,0.75,0.56,2.0,1.6,1.78,1.0,1.4,1.22,3.0,3.0,3.0,0.25,0.0,0.11,0.0,0.0,0.0,0.75,0.6,0.67,0.25,0.4,0.33,0,2,2,0,0,0,1,1,1,1,1,1,2,1,0,2,2,1,2,1,2,2,0,0,87,,,,17,,,,1-0,1-0,,,,,,,Vermelho direto,Segundo amarelo,,,,,,,0,0,0,1,,,,,,,,,,,,,1,0,1,0,,,,,,,,,,,,,E,D,,,,,,,V,V,,,,,,,Visitante,Mandante,,,,,,,1,1,,,,,,,,,,,,,,,,
Primera Division,2005/2006,Espanha,8,Celta de Vigo,Espanyol,1 - 0,V,1,0,2005-10-23 14:00:00,Tarde,Domingo,6,15,V,D,E,V,V,V,D,E,V,D,1.33,1.5,1.43,0.67,1.5,1.14,2.0,3.0,2.57,0.33,0.0,0.14,0.33,0.25,0.29,0.33,0.5,0.43,0.67,0.5,0.57,0.5,1.0,0.71,1.5,1.0,1.29,2.0,2.0,2.0,0.25,0.0,0.14,0.5,0.33,0.43,0.25,0.33,0.29,0.75,0.67,0.71,3,0,0,0,0,0,1,2,0,0,0,0,1,0,0,0,1,0,0,0,1,1,0,2,,,,,44,,,,0-0,,,,,,,,Segundo amarelo,,,,,,,,1,0,,,,,,,,,,,,,,,0,0,,,,,,,,,,,,,,,V,,,,,,,,E,,,,,,,,Visitante,,,,,,,,0,1,,,,,,,,,,,,,,,,
Primera Division,2005/2006,Espanha,8,Real Madrid,Valência,1 - 2,D,1,2,2005-10-23 18:00:00,Noite,Domingo,2,3,V,V,V,V,V,V,D,V,E,E,3.0,2.0,2.43,1.33,0.5,0.86,4.33,2.5,3.29,0.33,0.5,0.43,0.0,0.25,0.14,1.0,0.75,0.86,0.0,0.25,0.14,1.75,1.67,1.71,1.0,2.0,1.43,2.75,3.67,3.14,0.25,0.0,0.14,0.0,0.0,0.0,0.75,1.0,0.86,0.25,0.0,0.14,0,1,0,1,4,1,1,0,3,0,1,1,1,1,1,1,0,2,2,0,0,0,1,2,81,87,,,,,,,1-2,1-2,,,,,,,Vermelho direto,Vermelho direto,,,,,,,0,0,0,0,,,,,,,,,,,,,1,2,1,2,,,,,,,,,,,,,E,E,,,,,,,D,D,,,,,,,Mandante,Mandante,,,,,,,2,0,,,,,,,,,,,,,,,,
Primera Division,2005/2006,Espanha,7,Atlético,Real Madrid,0 - 3,D,0,3,2005-10-15 18:00:00,Noite,Sábado,10,2,V,D,D,V,D,V,V,V,V,D,0.67,1.33,1.0,0.67,1.33,1.0,1.34,2.66,2.0,0.33,0.33,0.33,0.67,0.33,0.5,0.33,0.33,0.33,0.67,0.67,0.67,3.0,1.67,2.33,1.33,0.67,1.0,4.33,2.34,3.33,0.33,0.33,0.33,0.0,0.33,0.17,1.0,0.67,0.83,0.0,0.33,0.17,0,1,1,0,0,0,1,0,0,1,0,0,1,0,0,0,0,0,1,0,0,2,3,0,6,,,,,,,,0-0,,,,,,,,Vermelho direto,,,,,,,,0,3,,,,,,,,,,,,,,,0,0,,,,,,,,,,,,,,,D,,,,,,,,E,,,,,,,,Mandante,,,,,,,,1,0,,,,,,,,,,,,,,,,
Primera Division,2005/2006,Espanha,7,Betis,Getafe,1 - 0,V,1,0,2005-10-16 14:00:00,Tarde,Domingo,14,9,E,V,D,E,E,V,V,E,V,E,0.67,0.67,0.67,1.33,1.0,1.17,2.0,1.67,1.84,0.67,0.0,0.33,0.33,0.33,0.33,0.33,0.0,0.0,0.67,1.0,0.83,1.33,2.33,1.83,1.0,1.0,1.0,2.33,3.33,2.83,0.0,0.67,0.33,0.0,0.0,0.0,0.33,0.33,0.33,0.67,0.67,0.67,0,0,0,1,1,0,0,0,1,1,0,2,1,2,1,0,1,0,3,0,1,1,0,0,,,,,88,,,,1-0,,,,,,,,Segundo amarelo,,,,,,,,0,0,,,,,,,,,,,,,,,1,0,,,,,,,,,,,,,,,E,,,,,,,,V,,,,,,,,Visitante,,,,,,,,0,1,,,,,,,,,,,,,,,,
Primera Division,2005/2006,Espanha,7,Zaragoza,Real Sociedad,0 - 1,D,0,1,2005-10-16 14:00:00,Tarde,Domingo,11,16,E,E,V,E,E,E,D,V,D,V,2.0,0.67,1.33,1.33,0.67,1.0,3.33,1.34,2.33,0.0,0.67,0.33,0.0,0.67,0.33,0.67,0.33,0.5,0.33,0.67,0.5,2.0,1.0,1.5,1.33,3.33,2.33,3.33,4.33,3.83,0.0,0.0,0.0,0.0,0.33,0.17,0.67,1.0,0.83,0.33,0.0,0.17,2,1,1,0,0,1,1,0,0,0,2,2,0,1,1,0,1,1,0,5,1,0,0,3,,,,,71,,,,0-1,,,,,,,,Segundo amarelo,,,,,,,,0,0,,,,,,,,,,,,,,,0,1,,,,,,,,,,,,,,,E,,,,,,,,D,,,,,,,,Visitante,,,,,,,,0,1,,,,,,,,,,,,,,,,
Primera Division,2005/2006,Espanha,7,Espanyol,Cádiz,0 - 2,D,0,2,2005-10-16 16:00:00,Tarde,Domingo,15,19,E,V,D,D,V,E,D,E,E,V,0.67,1.0,0.83,1.33,1.0,1.17,2.0,2.0,2.0,0.33,0.0,0.17,0.33,0.33,0.33,0.33,0.33,0.33,0.67,0.67,0.67,1.0,0.33,0.67,1.33,0.67,1.0,2.33,1.0,1.67,0.0,0.67,0.33,0.0,0.67,0.33,0.33,0.0,0.0,0.67,1.0,0.83,0,0,0,0,0,1,1,2,1,1,0,0,0,0,0,1,0,0,0,0,0,0,1,1,88,,,,,,,,0-2,,,,,,,,Vermelho direto,,,,,,,,0,0,,,,,,,,,,,,,,,0,2,,,,,,,,,,,,,,,E,,,,,,,,D,,,,,,,,Mandante,,,,,,,,1,0,,,,,,,,,,,,,,,,
Primera Division,2005/2006,Espanha,7,Athletic Club,Sevilla,0 - 1,D,0,1,2005-10-16 18:00:00,Noite,Domingo,12,5,D,E,D,D,E,E,V,D,E,D,1.33,1.0,1.17,0.67,2.33,1.5,2.0,3.33,2.67,0.67,0.0,0.33,0.33,0.0,0.0,0.67,0.67,0.67,0.33,0.33,0.33,0.67,0.67,0.67,0.33,1.33,0.83,1.0,2.0,1.5,0.67,0.0,0.33,0.33,0.33,0.33,0.0,0.33,0.17,1.0,0.67,0.83,0,0,0,0,0,0,2,0,0,0,2,2,0,2,0,0,1,0,1,0,0,2,0,0,76,,,,,,,,0-1,,,,,,,,Segundo amarelo,,,,,,,,0,0,,,,,,,,,,,,,,,0,1,,,,,,,,,,,,,,,E,,,,,,,,D,,,,,,,,Mandante,,,,,,,,1,0,,,,,,,,,,,,,,,,
Primera Division,2005/2006,Espanha,6,Barcelona,Zaragoza,2 - 2,E,2,2,2005-10-01 16:00:00,Tarde,Sábado,1,11,V,V,E,D,V,E,V,E,E,E,2.0,1.67,1.8,1.0,1.0,1.0,3.0,2.67,2.8,0.5,0.33,0.4,0.0,0.33,0.2,0.5,0.67,0.6,0.5,0.33,0.4,2.0,0.0,0.0,1.33,0.0,0.8,3.33,0.0,0.8,0.0,1.0,0.4,0.0,1.0,0.4,0.67,0.0,0.0,0.33,1.0,0.6,0,0,1,0,2,0,0,2,0,0,1,0,0,0,0,0,0,0,0,0,0,0,0,0,,,,,76,,,,0-2,,,,,,,,Segundo amarelo,,,,,,,,2,0,,,,,,,,,,,,,,,0,2,,,,,,,,,,,,,,,V,,,,,,,,D,,,,,,,,Visitante,,,,,,,,0,1,,,,,,,,,,,,,,,,
Primera Division,2005/2006,Espanha,6,Getafe,Valência,2 - 1,V,2,1,2005-10-01 18:00:00,Noite,Sábado,9,3,V,E,V,E,V,V,E,E,E,V,1.0,2.33,1.8,1.0,1.0,1.0,2.0,3.33,2.8,0.0,0.67,0.4,0.0,0.0,0.0,0.0,0.33,0.2,1.0,0.67,0.8,1.67,2.0,1.8,1.0,2.0,1.4,2.67,4.0,3.2,0.33,0.0,0.2,0.0,0.0,0.0,0.67,1.0,0.8,0.33,0.0,0.2,1,0,1,0,0,1,0,0,0,0,0,1,1,1,0,1,0,1,2,0,0,0,1,1,,,,,89,,,,2-1,,,,,,,,Vermelho direto,,,,,,,,0,0,,,,,,,,,,,,,,,2,1,,,,,,,,,,,,,,,E,,,,,,,,V,,,,,,,,Visitante,,,,,,,,0,1,,,,,,,,,,,,,,,,
Primera Division,2005/2006,Espanha,6,Villarreal,Athletic Club,3 - 1,V,3,1,2005-10-02 13:00:00,Tarde,Domingo,7,12,E,V,D,E,E,E,D,D,E,V,1.0,1.33,1.2,1.5,1.33,1.4,2.5,2.66,2.6,0.0,0.0,0.0,0.0,0.0,0.0,0.5,0.67,0.6,0.5,0.33,0.4,1.33,1.0,1.2,0.67,2.0,1.2,2.0,3.0,2.4,0.67,0.0,0.4,0.33,0.0,0.0,0.67,0.5,0.6,0.33,0.5,0.4,0,0,0,1,0,1,0,1,1,0,1,0,0,0,1,1,1,0,0,1,0,2,0,0,,,,,44,,,,0-1,,,,,,,,Vermelho direto,,,,,,,,3,0,,,,,,,,,,,,,,,0,1,,,,,,,,,,,,,,,V,,,,,,,,D,,,,,,,,Visitante,,,,,,,,0,1,,,,,,,,,,,,,,,,
Primera Division,2005/2006,Espanha,6,Real Madrid,Mallorca,4 - 0,V,4,0,2005-10-02 15:00:00,Tarde,Domingo,2,13,V,V,V,D,D,D,E,V,D,D,2.5,1.67,2.0,2.0,0.67,1.2,4.5,2.34,3.2,0.0,0.33,0.2,0.0,0.33,0.2,1.0,0.67,0.8,0.0,0.33,0.2,2.0,0.5,1.4,2.33,1.5,2.0,4.33,2.0,3.4,0.0,0.0,0.0,0.33,0.5,0.4,0.67,0.0,0.0,0.33,1.0,0.6,0,1,0,1,2,1,1,0,2,0,0,1,0,1,0,1,0,1,0,0,0,0,1,0,,,,,75,,,,3-0,,,,,,,,Segundo amarelo,,,,,,,,1,0,,,,,,,,,,,,,,,3,0,,,,,,,,,,,,,,,V,,,,,,,,V,,,,,,,,Visitante,,,,,,,,0,1,,,,,,,,,,,,,,,,
Primera Division,2005/2006,Espanha,5,Atlético,Getafe,0 - 1,D,0,1,2005-09-24 16:00:00,Tarde,Sábado,10,9,D,V,D,E,E,E,V,E,V,E,1.0,1.0,1.0,0.5,2.0,1.25,1.5,3.0,2.25,0.5,0.0,0.25,0.5,0.5,0.5,0.5,0.5,0.5,0.5,0.5,0.5,1.0,3.0,2.0,1.0,1.5,1.25,2.0,4.5,3.25,0.0,0.5,0.25,0.0,0.0,0.0,0.0,0.5,0.25,1.0,0.5,0.75,0,1,1,0,0,0,1,0,0,0,0,0,1,2,1,0,1,0,3,0,0,1,0,0,,,,,60,,,,0-0,,,,,,,,Vermelho direto,,,,,,,,0,1,,,,,,,,,,,,,,,0,0,,,,,,,,,,,,,,,D,,,,,,,,E,,,,,,,,Visitante,,,,,,,,0,1,,,,,,,,,,,,,,,,
Primera Division,2005/2006,Espanha,5,Betis,Barcelona,1 - 4,D,1,4,2005-09-24 18:00:00,Noite,Sábado,14,1,E,E,D,V,D,E,D,V,V,E,0.5,0.5,0.5,0.0,1.0,0.5,0.5,1.5,1.0,1.0,0.0,0.5,0.5,0.5,0.5,0.0,0.0,0.0,1.0,1.0,1.0,2.0,0.5,1.25,1.0,1.0,1.0,3.0,1.5,2.25,0.5,0.5,0.5,0.0,0.5,0.25,0.5,0.5,0.5,0.5,0.5,0.5,0,0,0,0,0,0,0,0,1,0,0,0,1,0,0,1,0,0,0,1,0,0,0,0,19,,,,,,,,0-1,,,,,,,,Vermelho direto,,,,,,,,1,3,,,,,,,,,,,,,,,0,1,,,,,,,,,,,,,,,D,,,,,,,,D,,,,,,,,Mandante,,,,,,,,1,0,,,,,,,,,,,,,,,,
Primera Division,2005/2006,Espanha,4,Real Sociedad,Atlético,3 - 2,V,3,2,2005-09-21 17:00:00,Tarde,Quarta-feira,16,10,D,V,D,E,E,V,D,E,E,E,2.0,1.0,1.33,1.0,4.0,3.0,3.0,5.0,4.33,0.0,0.0,0.0,0.0,0.5,0.33,1.0,1.0,1.0,0.0,0.0,0.0,1.0,0.0,0.0,0.5,1.0,0.67,1.5,1.0,0.67,0.5,0.0,0.33,0.5,1.0,0.67,0.5,0.0,0.0,0.5,1.0,0.67,1,0,0,0,1,0,0,0,0,0,0,1,0,0,0,0,0,0,0,0,0,0,0,1,87,,,,,,,,2-2,,,,,,,,Segundo amarelo,,,,,,,,1,0,,,,,,,,,,,,,,,2,2,,,,,,,,,,,,,,,V,,,,,,,,E,,,,,,,,Mandante,,,,,,,,1,0,,,,,,,,,,,,,,,,
Primera Division,2005/2006,Espanha,4,Málaga,Alavés,0 - 0,E,0,0,2005-09-21 17:00:00,Tarde,Quarta-feira,20,18,V,D,D,V,V,D,D,E,D,V,1.0,1.0,1.0,2.0,1.5,1.67,3.0,2.5,2.67,0.0,0.0,0.0,0.0,0.5,0.33,1.0,0.5,0.67,0.0,0.5,0.33,1.5,1.0,1.33,2.0,2.0,2.0,3.5,3.0,3.33,0.5,0.0,0.33,0.5,0.0,0.0,0.5,1.0,0.67,0.5,0.0,0.33,0,0,0,0,0,1,0,0,0,1,1,0,0,1,0,0,0,1,0,0,0,0,1,0,87,,,,,,,,0-0,,,,,,,,Segundo amarelo,,,,,,,,0,0,,,,,,,,,,,,,,,0,0,,,,,,,,,,,,,,,E,,,,,,,,E,,,,,,,,Mandante,,,,,,,,1,0,,,,,,,,,,,,,,,,
Primera Division,2005/2006,Espanha,4,Santander,Espanyol,1 - 0,V,1,0,2005-09-21 17:00:00,Tarde,Quarta-feira,17,15,V,D,D,V,D,V,E,V,D,V,0.0,0.5,0.33,1.0,0.5,0.67,1.0,1.0,1.0,0.0,0.5,0.33,1.0,0.5,0.67,0.0,0.0,0.0,1.0,1.0,1.0,0.5,2.0,1.0,1.0,1.0,1.0,1.5,3.0,2.0,0.5,0.0,0.33,0.5,0.0,0.0,0.0,1.0,0.33,1.0,0.0,0.67,0,0,0,0,0,0,0,0,0,0,0,1,0,0,0,0,1,0,0,0,1,0,0,1,,,,,91,,,,1-0,,,,,,,,Vermelho direto,,,,,,,,0,0,,,,,,,,,,,,,,,1,0,,,,,,,,,,,,,,,E,,,,,,,,V,,,,,,,,Visitante,,,,,,,,0,1,,,,,,,,,,,,,,,,
Primera Division,2005/2006,Espanha,4,Real Madrid,Athletic Club,3 - 1,V,3,1,2005-09-22 18:00:00,Noite,Quinta-Feira,2,12,D,D,D,V,V,D,E,V,D,D,2.0,1.0,1.33,3.0,1.0,1.67,5.0,2.0,3.0,0.0,0.0,0.0,0.0,0.5,0.33,1.0,0.5,0.67,0.0,0.5,0.33,2.0,1.0,1.67,1.0,1.0,1.0,3.0,2.0,2.67,0.5,0.0,0.33,0.0,0.0,0.0,1.0,0.0,0.0,0.0,1.0,0.33,0,1,0,0,2,1,0,0,0,0,0,1,0,0,0,1,1,0,0,0,0,0,0,0,66,,,,,,,,2-1,,,,,,,,Segundo amarelo,,,,,,,,1,0,,,,,,,,,,,,,,,2,1,,,,,,,,,,,,,,,V,,,,,,,,V,,,,,,,,Mandante,,,,,,,,1,0,,,,,,,,,,,,,,,,
Primera Division,2005/2006,Espanha,3,Valência,La Coruña,2 - 2,E,2,2,2005-09-17 16:00:00,Tarde,Sábado,3,8,E,V,V,E,E,V,V,E,D,E,1.0,2.0,1.5,0.0,2.0,1.0,1.0,4.0,2.5,1.0,0.0,0.5,0.0,0.0,0.0,0.0,1.0,0.5,1.0,0.0,0.5,1.0,1.0,1.0,0.0,0.0,0.0,1.0,1.0,1.0,1.0,1.0,1.0,0.0,0.0,0.0,0.0,0.0,0.0,1.0,1.0,1.0,0,0,0,0,0,0,1,0,0,0,0,0,0,0,1,0,0,0,0,0,0,0,0,0,43,,,,58,,,,0-1,1-1,,,,,,,Vermelho direto,Segundo amarelo,,,,,,,1,0,1,1,,,,,,,,,,,,,0,1,1,1,,,,,,,,,,,,,V,E,,,,,,,D,E,,,,,,,Mandante,Visitante,,,,,,,1,1,,,,,,,,,,,,,,,,
Primera Division,2005/2006,Espanha,3,Osasuna,Sevilla,1 - 0,V,1,0,2005-09-18 13:00:00,Tarde,Domingo,4,5,D,D,V,E,D,E,E,V,D,E,2.0,0.0,0.0,1.0,1.0,1.0,3.0,1.0,1.0,0.0,0.0,0.0,0.0,1.0,0.5,1.0,0.0,0.0,0.0,1.0,0.5,1.0,1.0,1.0,0.0,1.0,0.5,1.0,2.0,1.5,1.0,0.0,0.5,0.0,0.0,0.0,0.0,0.0,0.0,1.0,1.0,1.0,0,0,1,0,0,0,0,1,1,0,0,0,0,0,0,0,1,0,0,0,0,1,0,0,70,,,,88,,,,1-0,1-0,,,,,,,Vermelho direto,Vermelho direto,,,,,,,0,0,0,0,,,,,,,,,,,,,1,0,1,0,,,,,,,,,,,,,E,E,,,,,,,V,V,,,,,,,Mandante,Visitante,,,,,,,1,1,,,,,,,,,,,,,,,,
Primera Division,2005/2006,Espanha,3,Espanyol,Real Madrid,1 - 0,V,1,0,2005-09-18 15:00:00,Tarde,Domingo,15,2,E,V,D,V,E,D,D,V,V,E,0.0,2.0,1.0,2.0,1.0,1.5,2.0,3.0,2.5,0.0,0.0,0.0,1.0,0.0,0.0,0.0,1.0,0.5,1.0,0.0,0.5,2.0,2.0,2.0,3.0,1.0,2.0,5.0,3.0,4.0,0.0,0.0,0.0,0.0,0.0,0.0,1.0,1.0,1.0,0.0,0.0,0.0,0,0,0,0,0,0,0,2,0,0,0,0,1,0,0,0,0,0,0,0,0,1,1,0,,,,,87,90,,,1-0,1-0,,,,,,,Segundo amarelo,Vermelho direto,,,,,,,0,0,0,0,,,,,,,,,,,,,1,0,1,0,,,,,,,,,,,,,E,E,,,,,,,V,V,,,,,,,Visitante,Visitante,,,,,,,0,2,,,,,,,,,,,,,,,,
Primera Division,2005/2006,Espanha,3,Atlético,Barcelona,2 - 1,V,2,1,2005-09-18 17:00:00,Tarde,Domingo,10,1,D,E,E,E,D,V,V,E,D,V,0.0,0.0,0.0,0.0,1.0,0.5,0.0,1.0,0.5,1.0,0.0,0.5,1.0,1.0,1.0,0.0,0.0,0.0,1.0,1.0,1.0,2.0,0.0,0.0,0.0,0.0,0.0,2.0,0.0,0.0,1.0,1.0,1.0,0.0,1.0,0.5,0.0,0.0,0.0,1.0,1.0,1.0,0,0,0,0,0,0,0,0,0,0,0,0,0,0,0,0,0,0,0,0,0,0,0,0,67,,,,,,,,2-1,,,,,,,,Vermelho direto,,,,,,,,0,0,,,,,,,,,,,,,,,2,1,,,,,,,,,,,,,,,E,,,,,,,,V,,,,,,,,Mandante,,,,,,,,1,0,,,,,,,,,,,,,,,,
Primera Division,2005/2006,Espanha,2,Villarreal,Sevilla,1 - 1,E,1,1,2005-09-11 15:00:00,Tarde,Domingo,7,5,D,V,V,V,E,V,D,E,E,D,0.0,1.0,1.0,0.0,2.0,2.0,0.0,3.0,3.0,0.0,0.0,0.0,0.0,0.0,0.0,0.0,1.0,1.0,0.0,0.0,0.0,1.0,0.0,0.0,0.0,0.0,0.0,1.0,0.0,0.0,1.0,0.0,1.0,0.0,0.0,0.0,0.0,0.0,0.0,1.0,0.0,1.0,0,0,0,0,0,0,0,0,0,0,0,0,0,0,0,0,0,0,0,0,0,0,0,0,89,,,,,,,,1-1,,,,,,,,Vermelho direto,,,,,,,,0,0,,,,,,,,,,,,,,,1,1,,,,,,,,,,,,,,,E,,,,,,,,E,,,,,,,,Mandante,,,,,,,,1,0,,,,,,,,,,,,,,,,
Primera Division,2005/2006,Espanha,2,Barcelona,Mallorca,2 - 0,V,2,0,2005-09-11 15:00:00,Tarde,Domingo,1,13,E,D,V,E,E,D,E,V,V,E,0.0,0.0,0.0,0.0,0.0,0.0,0.0,0.0,0.0,0.0,1.0,1.0,0.0,1.0,1.0,0.0,0.0,0.0,0.0,1.0,1.0,0.0,0.0,0.0,1.0,0.0,1.0,1.0,0.0,1.0,0.0,0.0,0.0,1.0,0.0,0.0,0.0,0.0,0.0,1.0,0.0,1.0,0,0,0,0,0,0,0,0,0,0,0,0,0,0,0,0,0,0,0,0,0,0,0,0,,,,,70,79,,,2-0,2-0,,,,,,,Segundo amarelo,Segundo amarelo,,,,,,,0,0,0,0,,,,,,,,,,,,,2,0,2,0,,,,,,,,,,,,,E,E,,,,,,,V,V,,,,,,,Visitante,Visitante,,,,,,,0,2,,,,,,,,,,,,,,,,
Primera Division,2005/2006,Espanha,2,Getafe,Athletic Club,1 - 1,E,1,1,2005-09-11 15:00:00,Tarde,Domingo,9,12,V,E,E,D,V,V,D,D,D,E,0.0,2.0,2.0,0.0,0.0,0.0,0.0,2.0,2.0,0.0,1.0,1.0,0.0,0.0,0.0,0.0,0.0,0.0,0.0,1.0,1.0,3.0,0.0,0.0,0.0,0.0,0.0,3.0,0.0,0.0,1.0,0.0,1.0,0.0,0.0,0.0,1.0,0.0,0.0,0.0,0.0,0.0,0,0,0,0,0,0,0,0,0,0,0,0,0,0,0,0,0,0,0,0,0,0,0,0,90,,,,,,,,1-1,,,,,,,,Vermelho direto,,,,,,,,0,0,,,,,,,,,,,,,,,1,1,,,,,,,,,,,,,,,E,,,,,,,,E,,,,,,,,Mandante,,,,,,,,1,0,,,,,,,,,,,,,,,,
Primera Division,2004/2005,Espanha,38,Espanyol,Athletic Club,2 - 0,V,2,0,2005-05-29 17:00:00,Tarde,Domingo,5,9,E,E,V,D,V,D,D,E,V,E,1.78,1.05,1.41,1.0,1.47,1.24,2.78,2.52,2.65,0.28,0.32,0.3,0.11,0.42,0.27,0.67,0.42,0.54,0.33,0.58,0.46,2.05,1.11,1.59,1.26,1.56,1.41,3.31,2.67,3.0,0.32,0.17,0.24,0.05,0.28,0.16,0.68,0.33,0.51,0.32,0.67,0.49,2,2,5,5,9,0,5,6,3,2,8,3,0,4,5,1,4,5,6,7,2,8,3,3,66,,,,,,,,2-0,,,,,,,,Segundo amarelo,,,,,,,,0,0,,,,,,,,,,,,,,,2,0,,,,,,,,,,,,,,,E,,,,,,,,V,,,,,,,,Mandante,,,,,,,,1,0,,,,,,,,,,,,,,,,
Primera Division,2004/2005,Espanha,37,Albacete,Real Sociedad,2 - 2,E,2,2,2005-05-22 15:00:00,Tarde,Domingo,20,14,D,V,D,D,D,D,D,D,V,V,0.83,0.89,0.86,1.11,1.83,1.47,1.94,2.72,2.33,0.28,0.22,0.25,0.39,0.39,0.39,0.39,0.44,0.42,0.61,0.56,0.58,1.17,1.33,1.25,1.33,1.67,1.5,2.5,3.0,2.75,0.28,0.11,0.19,0.28,0.33,0.31,0.39,0.67,0.53,0.61,0.33,0.47,2,2,0,1,3,6,4,3,3,1,3,7,5,3,2,5,4,7,4,7,4,5,5,3,89,,,,,,,,2-2,,,,,,,,Vermelho direto,,,,,,,,0,0,,,,,,,,,,,,,,,2,2,,,,,,,,,,,,,,,E,,,,,,,,E,,,,,,,,Mandante,,,,,,,,1,0,,,,,,,,,,,,,,,,
Primera Division,2004/2005,Espanha,36,Sevilla,Real Madrid,2 - 2,E,2,2,2005-05-14 16:00:00,Tarde,Sábado,6,2,D,V,V,D,V,V,V,V,V,V,1.35,1.06,1.2,0.88,1.22,1.06,2.23,2.28,2.26,0.41,0.33,0.37,0.24,0.44,0.34,0.47,0.5,0.49,0.53,0.5,0.51,2.39,1.35,1.89,0.67,1.0,0.83,3.06,2.35,2.72,0.44,0.35,0.4,0.17,0.24,0.2,0.56,0.47,0.51,0.44,0.53,0.49,4,0,2,1,4,5,6,3,5,1,2,5,2,5,2,3,3,5,2,2,3,0,11,2,,,,,89,,,,2-1,,,,,,,,Vermelho direto,,,,,,,,0,1,,,,,,,,,,,,,,,2,1,,,,,,,,,,,,,,,D,,,,,,,,V,,,,,,,,Visitante,,,,,,,,0,1,,,,,,,,,,,,,,,,
Primera Division,2004/2005,Espanha,36,Zaragoza,La Coruña,2 - 2,E,2,2,2005-05-15 13:00:00,Tarde,Domingo,12,8,D,V,D,V,V,V,D,D,D,E,1.88,0.83,1.34,1.18,1.61,1.4,3.06,2.44,2.74,0.35,0.28,0.31,0.24,0.39,0.31,0.53,0.5,0.51,0.47,0.5,0.49,1.39,1.06,1.23,1.44,1.06,1.26,2.83,2.12,2.49,0.28,0.24,0.26,0.11,0.24,0.17,0.44,0.29,0.37,0.56,0.71,0.63,4,1,3,5,5,5,8,1,8,3,4,5,1,2,0,6,6,2,3,4,4,3,4,1,,,,,60,,,,1-2,,,,,,,,Segundo amarelo,,,,,,,,1,0,,,,,,,,,,,,,,,1,2,,,,,,,,,,,,,,,V,,,,,,,,D,,,,,,,,Visitante,,,,,,,,0,1,,,,,,,,,,,,,,,,
Primera Division,2004/2005,Espanha,36,Numancia,Osasuna,2 - 2,E,2,2,2005-05-15 13:00:00,Tarde,Domingo,19,15,D,E,D,D,V,E,E,D,V,V,0.94,0.5,0.71,1.18,2.11,1.66,2.12,2.61,2.37,0.24,0.0,0.11,0.24,0.61,0.43,0.35,0.44,0.4,0.65,0.56,0.6,1.5,0.94,1.23,1.28,2.24,1.74,2.78,3.18,2.97,0.28,0.12,0.2,0.17,0.41,0.29,0.44,0.59,0.51,0.56,0.41,0.49,3,0,1,2,3,6,1,5,1,4,7,3,1,4,4,4,3,12,3,5,4,6,1,7,,,,,44,,,,1-2,,,,,,,,Vermelho direto,,,,,,,,1,0,,,,,,,,,,,,,,,1,2,,,,,,,,,,,,,,,V,,,,,,,,D,,,,,,,,Visitante,,,,,,,,0,1,,,,,,,,,,,,,,,,
Primera Division,2004/2005,Espanha,36,Espanyol,Valência,2 - 2,E,2,2,2005-05-15 17:00:00,Tarde,Domingo,5,7,V,D,V,E,D,D,E,V,E,E,1.76,1.06,1.4,0.94,1.5,1.23,2.7,2.56,2.63,0.29,0.33,0.31,0.12,0.44,0.29,0.65,0.44,0.54,0.35,0.56,0.46,1.67,1.24,1.46,0.94,1.18,1.06,2.61,2.42,2.52,0.33,0.24,0.29,0.11,0.35,0.23,0.56,0.35,0.46,0.44,0.65,0.54,2,2,5,4,8,0,5,6,3,1,7,3,2,3,1,4,5,4,2,2,3,2,8,5,,,,,30,,,,0-1,,,,,,,,Vermelho direto,,,,,,,,2,1,,,,,,,,,,,,,,,0,1,,,,,,,,,,,,,,,V,,,,,,,,D,,,,,,,,Visitante,,,,,,,,0,1,,,,,,,,,,,,,,,,
Primera Division,2004/2005,Espanha,35,Albacete,Levante,3 - 1,V,3,1,2005-05-08 13:00:00,Tarde,Domingo,20,18,D,D,D,D,D,D,D,D,E,D,0.71,0.94,0.82,1.12,1.88,1.5,1.83,2.82,2.32,0.29,0.24,0.26,0.41,0.35,0.38,0.35,0.47,0.41,0.65,0.53,0.59,1.06,1.06,1.06,1.12,1.82,1.47,2.18,2.88,2.53,0.35,0.12,0.24,0.41,0.35,0.38,0.35,0.65,0.5,0.65,0.35,0.5,2,2,0,1,2,6,2,2,3,1,3,7,0,2,4,3,3,5,3,14,6,3,2,4,59,,,,59,73,,,3-1,3-1,3-1,,,,,,Vermelho direto,Vermelho direto,Vermelho direto,,,,,,0,0,0,0,0,0,,,,,,,,,,,3,1,3,1,3,1,,,,,,,,,,,E,E,E,,,,,,V,V,V,,,,,,Mandante,Visitante,Visitante,,,,,,1,2,,,,,,,,,,,,,,,,
Primera Division,2004/2005,Espanha,35,Málaga,Villarreal,0 - 2,D,0,2,2005-05-08 13:00:00,Tarde,Domingo,10,3,V,D,V,E,E,V,D,D,E,E,1.0,0.94,0.97,1.29,1.35,1.32,2.29,2.29,2.29,0.41,0.12,0.26,0.35,0.53,0.44,0.29,0.41,0.35,0.71,0.59,0.65,2.12,1.35,1.74,0.53,1.41,0.97,2.65,2.76,2.71,0.59,0.12,0.35,0.29,0.18,0.24,0.65,0.59,0.62,0.35,0.41,0.38,6,3,4,3,1,3,2,4,2,4,2,5,3,1,3,3,3,6,5,4,3,4,6,6,55,,,,,,,,0-0,,,,,,,,Segundo amarelo,,,,,,,,0,2,,,,,,,,,,,,,,,0,0,,,,,,,,,,,,,,,D,,,,,,,,E,,,,,,,,Mandante,,,,,,,,1,0,,,,,,,,,,,,,,,,
Primera Division,2004/2005,Espanha,35,Valência,Barcelona,0 - 2,D,0,2,2005-05-08 15:00:00,Tarde,Domingo,7,1,E,V,E,E,E,V,V,V,D,E,1.76,1.24,1.5,0.88,1.18,1.03,2.64,2.42,2.53,0.35,0.24,0.29,0.06,0.35,0.21,0.59,0.35,0.47,0.41,0.65,0.53,2.06,1.88,1.97,0.5,1.0,0.74,2.56,2.88,2.71,0.67,0.38,0.53,0.11,0.06,0.09,0.44,0.56,0.5,0.56,0.44,0.5,2,1,6,2,6,2,5,1,7,4,4,5,7,2,5,2,5,2,4,4,6,4,3,2,68,,,,,,,,0-2,,,,,,,,Vermelho direto,,,,,,,,0,0,,,,,,,,,,,,,,,0,2,,,,,,,,,,,,,,,E,,,,,,,,D,,,,,,,,Mandante,,,,,,,,1,0,,,,,,,,,,,,,,,,
Primera Division,2004/2005,Espanha,34,Atlético,Athletic Club,1 - 1,E,1,1,2005-04-30 16:00:00,Tarde,Sábado,11,9,D,D,E,D,V,D,E,V,V,D,1.5,0.71,1.09,0.5,1.12,0.82,2.0,1.83,1.91,0.69,0.18,0.42,0.19,0.47,0.33,0.31,0.24,0.27,0.69,0.76,0.73,2.18,1.0,1.61,1.29,1.44,1.36,3.47,2.44,2.97,0.29,0.19,0.24,0.0,0.31,0.15,0.76,0.31,0.55,0.24,0.69,0.45,3,4,7,0,5,1,5,0,0,1,4,2,0,3,3,1,4,5,5,5,1,7,3,2,88,,,,,,,,1-1,,,,,,,,Segundo amarelo,,,,,,,,0,0,,,,,,,,,,,,,,,1,1,,,,,,,,,,,,,,,E,,,,,,,,E,,,,,,,,Mandante,,,,,,,,1,0,,,,,,,,,,,,,,,,
Primera Division,2004/2005,Espanha,34,Mallorca,Espanyol,3 - 2,V,3,2,2005-05-01 13:00:00,Tarde,Domingo,17,5,V,E,D,D,D,V,E,D,V,E,1.25,0.59,0.91,1.56,1.82,1.7,2.81,2.41,2.61,0.06,0.18,0.12,0.25,0.53,0.39,0.63,0.53,0.58,0.38,0.47,0.42,1.69,1.0,1.33,1.0,1.41,1.21,2.69,2.41,2.54,0.25,0.35,0.3,0.13,0.47,0.3,0.63,0.41,0.52,0.38,0.59,0.48,2,3,3,6,1,5,5,4,4,2,5,5,1,6,4,4,3,2,4,4,4,3,1,5,,,,,54,,,,1-1,,,,,,,,Vermelho direto,,,,,,,,2,1,,,,,,,,,,,,,,,1,1,,,,,,,,,,,,,,,V,,,,,,,,E,,,,,,,,Visitante,,,,,,,,0,1,,,,,,,,,,,,,,,,
